date,Dynamic Global FI Fund F,Dynamic Credit Abs Return F,Dynamic Short Term Credit PLUS F,DXDB Dynamic Discount Bond ETF,Lysander-Canso Corp Value Bond F,Lysander-Fulcra Corp Sec F,Pender Corporate Bond F,XIG US IG Corp Bond (CAD Hdg),XCB Cdn Corporate Bond,PIMCO Monthly Income F,Manulife Strategic Income F,RBC Global Bond F,Mackenzie Unconstrained FI F,RBC Core Bond F
2026-01-02,19.2768,8.5185,,20.8451,13.7784,9.1817,13.6443,19.1815,19.5671,17.6572,10.9164,9.1408,8.6485,9.5534
2026-01-05,19.2768,8.5268,,20.9226,13.812,9.1837,13.6889,19.2299,19.6156,17.6765,10.9337,9.1532,8.6612,9.5729
2026-01-06,19.2961,8.5313,,20.9323,13.811,9.1944,13.7518,19.2202,19.6059,17.7054,10.9515,9.1567,8.6636,9.5753
2026-01-07,19.3153,8.5344,,20.9517,13.8363,9.2011,13.7715,19.2493,19.6447,17.715,10.9623,9.1709,8.6782,9.5909
2026-01-08,19.2864,8.5355,,20.9226,13.8358,9.2022,13.7655,19.1912,19.6544,17.6957,10.9616,9.1621,8.6669,9.5842
2026-01-09,19.2961,8.5385,,20.9711,13.8537,9.2086,13.7847,19.2589,19.6834,17.7006,10.9759,9.17,8.6785,9.5962
2026-01-12,19.3057,8.547,,20.9614,13.8504,9.2157,13.8165,19.2202,19.6737,17.6909,10.9745,9.1715,8.674,9.5931
2026-01-13,19.3057,8.5418,,20.9517,13.8512,9.2246,13.8241,19.2686,19.664,17.744,10.978,9.1652,8.6822,9.5931
2026-01-14,19.3153,8.5448,,21.0002,13.8715,9.2274,13.84,19.317,19.7028,17.7536,10.9864,9.1775,8.6961,9.6063
2026-01-15,19.325,8.5476,,21.0196,13.8818,9.2341,13.8465,19.288,19.7513,17.7247,10.9889,9.1748,8.6983,9.6118
2026-01-16,19.325,8.549,,21.0099,13.8709,9.2408,13.8279,19.2396,19.7319,17.7633,10.9818,9.1606,8.6873,9.6054
2026-01-19,19.325,8.5517,,20.9808,13.8668,9.2457,13.8404,19.346,19.7125,17.715,10.9779,9.1509,8.6855,9.6009
2026-01-20,19.2961,8.5458,19.5214,20.9905,13.8442,9.2295,13.8465,19.1138,19.6737,17.715,10.9499,9.1156,8.6625,9.5793
2026-01-21,19.3057,8.5523,19.5118,20.9808,13.8534,9.2348,13.8893,19.2299,19.7028,17.6475,10.9616,9.1359,8.6769,9.5921
2026-01-22,19.3057,8.5603,19.5309,21.0292,13.8733,9.2453,13.9626,19.2686,19.7319,17.692,10.9779,9.1466,8.6827,9.6007
2026-01-23,19.3153,8.558,19.5693,21.0389,13.8681,9.2421,13.9726,19.2783,19.7222,17.7258,10.97,9.1504,8.6779,9.5975
2026-01-26,19.325,8.5679,19.5884,21.0389,13.8954,9.2441,14.0302,19.2976,19.7803,17.7451,10.9886,9.1682,8.6872,9.615
2026-01-27,19.3337,8.5706,19.5644,21.0438,13.8852,9.2349,14.0324,19.2569,19.7414,17.7065,10.9768,9.1614,8.6792,9.6029
2026-01-28,19.3337,8.572,19.574,21.0535,13.8845,9.2426,14.0736,19.2277,19.7512,17.7451,10.9713,9.1612,8.6704,9.6002
2026-01-29,19.353,8.5725,19.5933,21.073,13.8888,9.2376,14.0407,19.2374,19.7706,17.7741,10.9676,9.1663,8.6693,9.5982
2026-01-30,19.353,8.5737,19.5933,21.0924,13.8855,9.2251,13.8788,19.2277,19.7706,17.7354,10.959,9.1606,8.6657,9.6023
2026-02-02,19.3627,8.5754,19.5933,21.0827,13.8846,9.2258,13.8789,19.2083,19.7706,17.7113,10.9726,9.1522,8.6709,9.6059
2026-02-03,19.353,8.5776,19.5836,21.0827,13.8834,9.2313,13.9332,19.2083,19.7706,17.7258,10.9754,9.1521,8.6692,9.6048
2026-02-04,19.3724,8.5829,19.5933,21.0535,13.8859,9.2374,13.9176,19.1889,19.7803,17.7209,10.9703,9.1525,8.6729,9.6059
2026-02-05,19.3433,8.5859,19.5933,21.1119,13.8903,9.2293,13.7932,19.2763,19.7901,17.7258,10.9804,9.1705,8.6785,9.6161
2026-02-06,19.3627,8.5893,19.5933,21.1216,13.8974,9.2104,13.8757,19.286,19.8095,17.7548,10.9845,9.1752,8.6828,9.6177
2026-02-09,19.3627,8.592,19.6221,21.1313,13.9007,9.171,13.8989,19.2763,19.8192,17.7837,10.9919,9.1767,8.6838,9.6161
2026-02-10,19.382,8.5984,19.627,21.1508,13.9192,9.1834,13.9268,19.3345,19.829,17.7934,11.0067,9.2009,8.6929,9.6278
2026-02-11,19.382,8.5913,19.651,21.1654,13.9272,9.1914,13.9711,19.3054,19.8387,17.7886,11.0181,9.1997,8.6879,9.6313
2026-02-12,19.4014,8.5975,19.6221,21.1994,13.9481,9.1854,13.927,19.4025,19.8873,17.8224,11.0405,9.2248,8.7125,9.6512
2026-02-13,19.411,8.6008,19.651,21.2188,13.9654,9.1844,13.9844,19.4511,19.9262,17.861,11.058,9.2392,8.7217,9.6609
2026-02-17,19.4014,8.6046,19.6414,21.2334,13.9783,9.1841,13.9644,19.4802,19.9068,17.8852,11.0699,9.2494,8.7247,9.6685
2026-02-18,19.411,8.6043,19.6318,21.2383,13.9807,9.1925,13.9876,19.4511,19.9262,17.8755,11.0669,9.2456,8.7326,9.6712
2026-02-19,19.411,8.6058,19.6414,21.248,13.9677,9.2009,14.0129,19.4705,19.9262,17.861,11.0649,9.2493,8.7357,9.6713
2026-02-20,19.4014,8.6055,19.6414,21.248,13.9704,9.1772,14.0538,19.4608,19.9359,17.8242,11.07,9.2542,8.7353,9.6756
2026-02-23,19.4014,8.6124,19.6318,21.2772,13.9607,9.1607,14.0712,19.4802,19.9554,17.8775,11.0815,9.2675,8.7482,9.6851
2026-02-24,19.4256,8.611,19.6366,21.2723,13.9649,9.1602,14.1182,19.4783,19.9359,17.8629,11.0849,9.2736,8.7444,9.6855
2026-02-25,19.4208,8.6128,19.6173,21.2528,13.9537,9.1653,14.1369,19.4783,19.9261,17.8629,11.086,9.2651,8.7451,9.6835
2026-02-26,19.4353,8.6181,19.6366,21.2723,13.9487,9.1562,14.1635,19.4783,19.9359,17.8629,11.0914,9.2906,8.7452,9.6908
2026-02-27,19.4353,8.6258,19.5979,21.2821,13.9621,9.1655,14.182,19.4783,19.9554,17.9017,11.0868,9.2945,8.7471,9.6913
2026-03-02,19.4256,8.6081,19.5302,21.204,13.9116,9.1874,14.1592,19.4003,19.8578,17.8629,11.0548,9.2605,8.724,9.66
2026-03-03,19.3965,8.5965,19.4818,21.1747,13.8845,9.141,14.0194,19.3906,19.8285,17.8048,11.0103,9.2265,8.7058,9.637
2026-03-04,19.348,8.5972,19.5012,21.1942,13.8822,9.1508,14.059,19.4101,19.848,17.766,11.0214,9.2306,8.7063,9.6422
2026-03-05,19.3577,8.5882,19.5012,21.1162,13.8316,9.132,13.978,19.3418,19.7602,17.7612,10.9935,9.1958,8.6914,9.6164
2026-03-06,19.3577,8.5782,19.5012,21.0576,13.7825,9.1013,13.953,19.2639,19.6919,17.703,10.9543,9.1763,8.6787,9.5878
2026-03-09,19.3092,8.5801,19.4818,21.0967,13.8016,9.0913,13.9902,19.3613,19.7309,17.703,10.9325,9.1797,8.6743,9.5971
2026-03-10,19.3092,8.5833,19.4528,21.0576,13.7963,9.0947,14.0015,19.2541,19.7212,17.7079,10.9506,9.1904,8.6752,9.5999
2026-03-11,19.3092,8.5798,19.4141,20.9601,13.745,9.0843,13.9834,19.108,19.6139,17.674,10.9256,9.1488,8.6515,9.5684
2026-03-12,19.3092,8.565,19.3658,20.9113,13.6956,9.0694,13.9228,18.9813,19.5358,17.5625,10.8834,9.1166,8.6345,9.5405
2026-03-13,19.3092,8.5556,19.3271,20.9113,13.6953,9.0629,13.8691,18.9131,19.526,17.5237,10.875,9.0966,8.6227,9.5369
2026-03-16,19.2317,8.5698,19.3561,20.9991,13.7456,9.0684,13.9381,19.0008,19.6139,17.5916,10.8846,9.1224,8.6375,9.5619
2026-03-17,19.2705,8.569,19.3948,21.0528,13.7704,9.0787,13.9518,19.108,19.6431,17.6497,10.9129,9.1419,8.6439,9.5794
2026-03-18,19.2608,8.5566,19.3561,20.9698,13.7365,9.076,13.8905,19.0008,19.5943,17.5625,10.895,9.1209,8.6285,9.5584
2026-03-19,19.2608,8.5474,19.3464,20.9747,13.7192,9.0686,13.9276,19.0788,19.5943,17.5625,10.8794,9.108,8.6155,9.5532
2026-03-20,19.2414,8.5309,19.2787,20.8332,13.632,9.0515,13.7638,18.8449,19.4577,17.4316,10.8145,9.0448,8.5714,9.4961
2026-03-23,19.1735,8.5424,19.298,20.9015,13.6777,9.0956,13.8162,18.9813,19.5455,17.5056,10.8182,9.0742,8.5932,9.5211
2026-03-24,19.222,8.5282,19.2594,20.843,13.6394,9.0924,13.7998,18.9326,19.4772,17.4715,10.8199,9.0533,8.5769,9.5037
2026-03-25,19.2026,8.5421,19.3561,20.9503,13.7112,9.108,13.8834,18.9911,19.6041,17.491,10.8655,9.096,8.6075,9.5456
2026-03-26,19.2337,8.5185,19.2832,20.8377,13.671,9.1186,13.8225,18.8424,19.4964,17.3937,10.8289,9.0424,8.5809,9.51
2026-03-27,19.1948,8.5128,19.2929,20.8475,13.6643,9.1202,13.7858,18.7935,19.4866,17.3255,10.793,9.0205,8.5687,9.4962
2026-03-30,19.1655,8.5282,19.3221,20.916,13.7034,9.1189,13.7827,18.9011,19.5649,17.4326,10.8136,9.0498,8.5913,9.5226
2026-03-31,19.1753,8.5477,19.3609,20.916,13.7382,9.1324,13.8751,19.038,19.5845,17.5299,10.8544,9.0771,8.6112,9.5463
2026-04-01,19.1948,8.5478,19.3998,20.9258,13.749,9.1332,13.8969,19.0478,19.5747,17.5397,10.891,9.0964,8.6133,9.5531
2026-04-02,19.2337,8.5452,19.3901,20.9944,13.7439,9.1422,13.8749,19.1162,19.5943,17.5883,10.8948,9.0925,8.6179,9.5573
2026-04-06,19.263,8.553,19.3804,20.965,13.7789,9.1476,13.8858,19.0967,19.6433,17.5786,10.9013,9.0832,8.6206,9.5644
2026-04-07,19.2532,8.5531,19.3998,20.9356,13.7657,9.1427,13.8745,19.1162,19.6139,17.564,10.8985,9.0677,8.6131,9.5562
2026-04-08,19.2727,8.5684,19.429,21.058,13.8292,9.1478,13.9489,19.1749,19.7118,17.5883,10.9713,9.1369,8.6475,9.6018
2026-04-09,19.3117,8.5696,19.429,21.0433,13.8449,9.1421,13.9817,19.1944,19.6726,17.676,10.9575,9.1264,8.6458,9.5982
2026-04-10,19.3214,8.5626,19.4581,21.0433,13.8402,9.1448,13.992,19.126,19.6531,17.6565,10.9585,9.1053,8.6437,9.5958
2026-04-13,19.3409,8.5577,19.4581,21.0531,13.8545,9.1534,14.0205,19.1847,19.6922,17.6857,10.9489,9.0988,8.649,9.5982
2026-04-14,19.3702,8.5637,19.497,21.0923,13.9029,9.1737,14.0582,19.2727,19.7412,17.7295,10.9847,9.1365,8.6683,9.6248
2026-04-15,19.3945,8.5577,19.4581,21.0727,13.878,9.178,14.0613,19.2629,19.702,17.7198,10.9836,9.1273,8.662,9.6143
2026-04-16,19.3896,8.5621,19.4873,21.0727,13.8628,9.1901,14.0828,19.1749,19.702,17.7198,10.9771,9.1186,8.6533,9.6051
2026-04-17,19.3896,8.5672,19.5262,21.0923,13.9182,9.1997,14.1088,19.2629,19.7804,17.7976,10.9992,9.1609,8.677,9.6345
2026-04-20,19.4189,8.5757,19.5651,21.151,13.9332,9.2132,14.0866,19.2727,19.7804,17.7733,10.9976,9.1504,8.6784,9.6311
2026-04-21,19.4286,8.5759,19.5359,21.0923,13.9021,9.22,14.0454,19.1944,19.702,17.7246,10.983,9.1284,8.6665,9.612
2026-04-22,19.4189,8.575,19.5748,21.1119,13.9061,9.2366,14.0859,19.2238,19.7608,17.6953,10.9846,9.1289,8.6668,9.6163
2026-04-23,19.4091,8.5787,19.5359,21.1119,13.8825,9.2584,14.0597,19.1749,19.7804,17.6953,10.9744,9.1122,8.6578,9.6097
2026-04-24,19.3994,8.5864,19.5553,21.1412,13.8892,9.2494,14.0966,19.2042,19.7999,17.71,10.9753,9.1204,8.6653,9.6178
2026-04-27,19.5052,8.5924,19.5407,21.1069,13.8744,9.263,14.0857,19.1355,19.7705,17.6806,10.9607,9.101,8.6569,9.6059
2026-04-28,19.3974,8.5925,19.5602,21.1069,13.8528,9.2565,14.055,19.1355,19.7213,17.6757,10.9522,9.0912,8.6532,9.6023
2026-04-29,19.3778,8.5843,19.4821,20.9693,13.7907,9.2582,14.019,19.0374,19.6427,17.6317,10.9219,9.0605,8.6309,9.5692
2026-04-30,19.3974,8.5862,19.5114,21.0184,13.8518,9.268,14.0723,19.0472,19.6919,17.6415,10.9268,9.0766,8.6396,9.5803
2026-05-01,19.3974,8.5881,19.5114,21.0479,13.8859,9.2706,14.1589,19.1061,19.7312,17.6171,10.9369,9.0826,8.6434,9.5906
2026-05-04,19.368,8.5865,19.4919,20.9496,13.8283,9.2633,14.165,19.0178,19.6231,17.5975,10.928,9.058,8.6238,9.5662
2026-05-05,19.3974,8.5788,19.5016,20.9889,13.8503,9.2734,14.1594,19.0865,19.6231,17.6073,10.9369,9.0705,8.6369,9.5776
2026-05-06,19.417,8.586,19.57,21.097,13.9125,9.2871,14.254,19.1846,19.7508,17.6953,10.982,9.1118,8.659,9.6186
2026-05-07,19.4317,8.5869,19.5602,21.0675,13.8944,9.2689,14.286,19.1061,19.7213,17.6904,10.9857,9.1033,8.6426,9.6106
2026-05-08,19.4366,8.5867,19.5993,21.1265,13.9311,9.2753,14.3379,19.1846,19.7901,17.7344,10.9958,9.1161,8.6629,9.6312
2026-05-11,19.4268,8.5868,19.5309,21.0577,13.8979,9.2823,14.3618,19.1355,19.7213,17.71,10.9768,9.0893,8.65,9.6107
2026-05-12,19.4366,8.5779,19.5309,21.0184,13.8575,9.2691,14.3614,19.0767,19.6722,17.6562,10.948,9.0572,8.6319,9.5903
2026-05-13,19.4366,8.5724,19.5602,21.0282,13.8682,9.2689,14.3709,19.0668,19.6919,17.6269,10.9495,9.0545,8.6284,9.5927
2026-05-14,19.417,8.5766,19.57,21.0577,13.8861,9.2766,14.3724,19.0767,19.7213,17.6317,10.9603,9.0624,8.6358,9.5999
2026-05-15,19.4366,8.5597,19.5212,20.9398,13.8113,9.2716,14.2789,18.9295,19.5936,17.534,10.9044,8.9952,8.5915,9.5507
2026-05-19,19.3974,8.5635,19.5309,20.9398,13.7986,9.2668,14.2466,18.8117,19.5543,17.4313,10.8728,8.9747,8.5685,9.538
2026-05-20,19.4072,8.5859,19.609,21.0282,13.8654,9.2953,14.2984,18.9491,19.6919,17.5095,10.9041,9.0267,8.6052,9.5818
2026-05-21,19.4268,8.5906,19.6188,21.0479,13.8935,9.2924,14.2984,18.9786,19.7609,17.5486,10.9292,9.0328,8.6092,9.5942
2026-05-22,19.4219,8.5891,19.6383,21.0675,13.8986,9.292,14.3058,19.018,19.7905,17.6105,10.9497,9.0478,8.6123,9.6032
2026-05-25,19.4268,8.6016,19.6579,21.1756,13.9488,9.3092,14.322,18.9885,19.8496,17.743,10.9635,9.0735,8.6206,9.6265
2026-05-26,19.4258,8.6107,19.6628,21.151,13.9493,9.322,14.3479,19.0968,19.8693,17.6596,10.9786,9.0841,8.6388,9.6351
2026-05-27,19.4258,8.6113,19.6726,21.151,13.9494,9.3471,14.3422,19.1165,19.8595,17.6596,10.9918,9.0894,8.6374,9.6402
2026-05-28,19.4258,8.6139,19.6824,21.2101,13.9673,9.3535,14.3463,19.1756,19.9186,17.7185,10.9996,9.1013,8.6436,9.65
2026-05-29,19.4553,8.6225,19.7216,21.2595,13.9867,9.3574,14.3652,19.1855,19.9186,17.7283,11.0211,9.1123,8.6544,9.6634
2026-06-01,19.4357,8.6165,19.7216,21.22,13.9701,9.3687,14.3956,19.1658,19.9285,17.6694,11.0216,9.0924,8.6497,9.6602
2026-06-02,19.4651,8.6235,19.7511,21.2397,13.9877,9.3722,14.4116,19.1855,19.968,17.7136,11.0319,9.1091,8.6536,9.6695
2026-06-03,19.4848,8.6245,19.7413,21.2496,13.9784,9.3521,14.3603,19.1362,19.9482,17.6841,11.0107,9.0828,8.6407,9.6591
2026-06-04,19.475,8.628,19.7609,21.2496,13.9851,9.3471,14.3885,19.1756,19.9285,17.6988,11.0161,9.0905,8.6472,9.6653
2026-06-05,19.4651,8.6171,19.7609,21.2299,13.9431,9.3404,14.2823,19.0476,19.8891,17.6105,10.9838,9.0617,8.6247,9.6412
2026-06-08,19.4357,8.6244,19.7315,21.1904,13.9268,9.3421,14.2874,19.0279,19.82,17.6056,10.9653,9.0475,8.6182,9.6286
2026-06-09,19.4553,8.6231,19.7118,21.1707,13.9385,9.3552,14.2667,19.087,19.8398,17.6448,10.9764,9.0654,8.6245,9.6416
2026-06-10,19.4553,8.6254,19.7511,21.22,13.9395,9.3431,14.2175,19.0476,19.7707,17.6498,10.9649,9.058,8.6232,9.6395
2026-06-11,19.475,8.6363,19.7707,21.2792,13.9855,9.3553,14.2827,19.1953,19.9384,17.7087,11.0078,9.0919,8.6545,9.6737
2026-06-12,19.475,8.634,19.7609,21.3088,13.9913,9.3599,14.3107,19.1953,19.9482,17.7381,11.0245,9.1078,8.6596,9.6839
2026-06-15,19.475,8.6449,19.7707,21.3285,14.0112,9.3596,14.36,19.1953,19.9877,17.7725,11.0597,9.1265,8.6666,9.6976
2026-06-16,19.4946,8.6527,19.8001,21.3088,14.019,9.3582,14.3447,19.215,19.9877,17.8166,11.0658,9.1398,8.6743,9.7051
2026-06-17,19.5044,8.6429,19.7707,21.2792,13.9977,9.3625,14.3242,19.1461,19.9482,17.7479,11.0555,9.1294,8.6683,9.6966
2026-06-18,19.4848,8.6471,19.7805,21.3186,14.0226,9.3619,14.3452,19.2051,19.9778,17.7921,11.0647,9.1285,8.6634,9.7041
2026-06-19,19.4848,8.6476,19.7903,21.3088,14.1304,9.3615,14.3464,19.3332,19.9285,17.7872,11.0652,9.1116,8.6698,9.7027
2026-06-22,19.475,8.6475,19.7609,21.2693,14.0005,9.379,14.312,19.1362,19.9186,17.7381,11.0416,9.1056,8.6541,9.6892
2026-06-23,19.4946,8.6476,19.7903,21.3383,14.0111,9.3693,14.2905,19.1658,19.9384,17.7716,11.0472,9.1173,8.6508,9.6972
2026-06-24,19.4848,8.6639,19.8001,21.3482,14.0006,9.3639,14.3103,19.2544,20.0173,17.8013,11.0708,9.1468,8.6705,9.7218
2026-06-25,19.47,8.6648,19.7952,21.3235,13.9721,9.3507,14.2846,19.2742,19.9777,17.8358,11.0716,9.1524,8.6734,9.7167
2026-06-26,19.4798,8.6683,19.8051,21.3334,13.9608,9.3337,14.2807,19.2742,19.9777,17.8506,11.0718,9.1564,8.6686,9.7164
2026-06-29,19.4798,8.674,19.8149,21.363,13.9588,9.3281,14.2533,19.3038,20.0271,17.8802,11.0779,9.1557,8.6731,9.7269
2026-06-30,19.4601,8.6731,19.8248,21.363,13.9608,9.3268,14.2535,19.205,20.0173,17.8309,11.0619,9.1306,8.6753,9.717
2026-07-02,19.4502,8.6737,19.8544,21.3334,13.9272,9.3738,14.28,19.1654,19.9579,17.7618,11.0417,9.1054,8.6528,9.7013
2026-07-03,19.4996,8.6756,19.8149,21.3433,13.9369,9.3864,14.3098,19.3236,19.9678,17.8457,11.0573,9.1037,8.6571,9.7054
2026-07-06,19.4798,8.6809,19.8248,21.3729,13.9532,9.3882,14.3207,19.1753,20.0074,17.821,11.0701,9.1042,8.6651,9.7172
2026-07-07,19.5095,8.6825,19.8149,21.3037,13.9165,9.3863,14.309,19.0468,19.9183,17.7716,11.046,9.0802,8.6453,9.6915
2026-07-08,19.4996,8.674,19.7952,21.2542,13.8742,9.3748,14.2758,18.9875,19.849,17.7223,11.0162,9.041,8.6316,9.6645
2026-07-09,19.5095,8.6835,19.8149,21.3037,13.8822,9.3752,14.3125,19.0172,19.8985,17.7371,11.0304,9.0597,8.6433,9.6783
2026-07-10,19.4996,8.6843,19.8149,21.2938,13.8773,9.3697,14.3013,18.9678,19.8985,17.7124,11.0295,9.0735,8.6379,9.6796
2026-07-13,19.5095,8.679,19.7755,21.2344,13.8276,9.3738,14.2935,18.8689,19.8293,17.6927,11.0039,9.0453,8.6241,9.6593
2026-07-14,19.4996,8.6868,19.7952,21.2443,13.7958,9.3771,14.2704,18.9183,19.8194,17.6828,10.998,9.0661,8.6285,9.6591
2026-07-15,19.4996,8.6913,19.8051,21.2888,13.8301,9.386,14.2969,18.9776,19.8688,17.747,11.0057,9.0707,8.6418,9.6693
2026-07-16,19.4996,8.6884,19.7952,21.2839,13.8035,9.3734,14.2707,18.9579,19.8787,17.7124,11.0,9.0566,8.641,9.6661
2026-07-17,19.4897,8.6895,19.7952,21.2443,13.787,9.3709,14.2465,18.9776,19.8688,17.7124,10.9956,9.057,8.6425,9.6553
2026-07-20,19.5095,8.6922,19.7952,21.2542,13.7932,9.3624,14.2514,18.9084,19.8391,17.6828,10.983,9.0423,8.6349,9.6561
2026-07-21,19.5095,8.6962,19.8149,21.274,13.8095,9.3636,14.2918,18.8491,19.8688,17.6384,10.982,9.0317,8.6333,9.6566
2026-07-22,19.5193,8.691,19.7755,21.2542,13.807,9.3708,14.2819,18.8195,19.8095,17.594,10.9726,9.0221,8.6273,9.6425
2026-07-23,19.5292,8.6838,19.7459,21.1651,13.7696,9.3515,14.223,18.7503,19.76,17.525,10.9434,8.9966,8.6043,9.6183
2026-07-24,19.4996,8.6944,19.7755,21.2196,13.8054,9.3459,14.1992,18.7404,19.8194,17.5289,10.9428,9.0115,8.6111,9.6332
2026-07-27,19.5095,8.7066,19.7755,21.2542,13.8343,9.353,14.2222,18.78,19.8391,17.5736,10.9646,9.0287,8.6175,9.6517
2026-07-28,19.5115,8.7091,19.8102,21.279,13.8408,9.343,14.2475,18.8325,19.8888,17.6132,10.9737,9.0457,8.622,9.6622
2026-07-29,19.5115,8.7037,19.7804,21.2095,13.7899,9.3219,14.2126,18.7432,19.8094,17.6033,10.9496,9.0233,8.6104,9.6396
2026-07-30,19.4717,8.6992,19.7904,21.2492,13.7796,9.3206,14.2507,18.773,19.8292,17.5736,10.9597,9.0273,8.6118,9.6421
2026-07-31,19.4916,8.6879,19.7705,21.1996,13.7395,9.3205,14.2424,18.7036,19.7597,17.5835,10.9604,9.0059,8.5944,9.6264
2026-08-04,19.5115,8.7048,19.8201,21.2889,13.8095,9.3753,14.3573,18.8722,19.8689,17.5835,11.0215,9.054,8.6321,9.6752
2026-08-05,19.5214,8.7061,19.8498,21.2889,13.8092,9.3794,14.3312,18.8921,19.8987,17.6727,11.0282,9.0569,8.6351,9.676
2026-08-06,19.5313,8.7043,19.8201,21.2443,13.8103,9.3977,14.3375,18.8127,19.8292,17.638,11.0086,9.0423,8.6217,9.6579
2026-08-07,19.4916,8.7062,19.8399,21.2393,13.8318,9.423,14.4227,18.8623,19.7994,17.6529,11.0064,9.0521,8.6266,9.6545
2026-08-10,19.5115,8.7081,19.8003,21.1599,13.7856,9.3932,14.4249,18.7532,19.7299,17.6132,10.99,9.0233,8.6091,9.6316
2026-08-11,19.5412,8.7098,19.8201,21.1797,13.7929,9.3577,14.424,18.7532,19.7399,17.6231,10.9801,9.0276,8.6083,9.6336
2026-08-12,19.5412,8.7141,19.8201,21.2095,13.8133,9.3652,14.4331,18.7829,19.7796,17.6182,10.9914,9.0279,8.615,9.6403
2026-08-13,19.5412,8.7168,19.8597,21.2443,13.8476,9.3541,14.438,18.8524,19.8391,17.6777,11.0152,9.0435,8.6315,9.6591
2026-08-14,19.5412,8.7134,19.8201,21.2194,13.824,9.3467,14.4279,18.7829,19.7696,17.6529,10.99,9.0158,8.6101,9.6391
2026-08-17,19.5561,8.7135,19.83,21.1996,13.8085,9.349,14.4319,18.7036,19.7399,17.6231,10.9722,9.0008,8.5996,9.6279
2026-08-18,19.5611,8.7177,19.8597,21.2194,13.791,9.3345,14.3941,18.7333,19.7399,17.6231,10.9609,8.9913,8.6027,9.6276
2026-08-19,19.5412,8.7209,19.8201,21.2393,13.7919,9.3363,14.4416,18.8028,19.7597,17.6727,10.9788,9.0159,8.6273,9.6383
2026-08-20,19.5611,8.7161,19.8399,21.1698,13.7587,9.2973,14.4492,18.7631,19.6902,17.6529,10.9595,9.0075,8.6092,9.6196
2026-08-21,19.5313,8.7149,19.8102,21.1797,13.7555,9.306,,18.7432,19.6902,17.6331,,,8.6033,9.6149
2026-08-24,19.5412,8.7241,19.8597,21.2194,13.7957,9.3084,14.4843,18.7829,19.7796,17.651,10.9712,9.0082,8.6227,9.6394
2026-08-25,19.5412,8.7298,19.8498,21.2889,13.8162,9.2917,14.4931,18.8921,19.8292,17.7058,11.0002,9.0377,8.6369,9.6623
2026-08-26,19.5881,8.7205,19.8647,21.264,13.8029,9.2949,14.493,18.8751,19.7993,17.7406,11.0029,9.0241,8.6325,9.6559
2026-08-27,19.5582,8.7201,19.8349,21.2242,13.7908,9.2957,14.4972,18.8652,19.7395,17.7008,10.9917,9.0155,8.6276,9.645
2026-08-28,19.5681,8.7128,19.8448,21.1943,13.767,9.2973,14.491,18.8154,19.7296,17.651,10.9726,8.992,8.6115,9.6351
2026-08-31,19.5582,8.7153,19.8349,21.2043,13.7621,9.3068,14.4643,18.7755,19.7395,17.6012,10.9628,8.9793,8.6039,9.6295
2026-09-01,19.5582,8.7118,19.7552,21.2043,13.7545,9.3,14.4461,18.7357,19.7196,17.5613,10.94,8.9599,8.5994,9.6208
2026-09-02,19.5781,8.7097,19.795,21.1345,13.7323,9.3077,14.4863,18.6959,19.6698,17.5613,10.931,8.9564,8.5987,9.6075
2026-09-03,19.5881,8.7122,19.805,21.1544,13.7372,9.3011,14.4818,18.7257,19.6698,17.6111,10.9579,8.9848,8.6081,9.6132
2026-09-04,19.5582,8.7135,19.805,21.1744,13.7502,9.2976,14.5012,18.7257,19.6897,17.6211,10.9585,8.9902,8.607,9.6233
2026-09-08,19.5881,8.7161,19.795,21.1445,13.7433,9.3045,14.497,18.7257,19.6698,17.5912,10.9536,8.9819,8.6042,9.6123
2026-09-09,19.5681,8.7054,19.805,21.0946,13.7161,9.3015,14.4571,18.6859,19.6299,17.5713,10.9348,8.956,8.5894,9.5982
2026-09-10,19.5881,8.6849,19.7353,21.005,13.6619,9.2895,14.41,18.5265,19.5402,17.4567,10.885,8.9086,8.5566,9.5598
2026-09-11,19.5781,8.674,19.7353,21.005,13.6585,9.2885,14.4228,18.5166,19.5303,17.4219,10.8824,8.8992,8.5596,9.5579
2026-09-14,19.598,8.6681,19.7453,20.995,13.6605,9.2955,14.3881,18.5066,19.5004,17.402,10.8663,8.8898,8.5564,9.5504
2026-09-15,19.5781,8.6635,19.7453,21.005,13.6658,9.3025,14.3749,18.5066,19.5303,17.382,10.8504,8.8748,8.5491,9.5469
2026-09-16,19.5781,8.6612,19.7552,20.9651,13.6783,9.311,14.3618,18.5365,19.5701,17.392,10.8671,8.8882,8.5511,9.5578
2026-09-17,19.608,8.6789,19.8249,21.1146,13.7461,9.326,14.3775,18.6461,19.6598,17.4418,10.9065,8.9128,8.5683,9.5918
2026-09-18,19.5931,8.6716,19.795,21.0647,13.7229,9.3191,14.3764,18.5664,19.6499,17.387,10.8836,8.8853,8.5508,9.5723
2026-09-21,19.5881,8.6826,19.8249,21.1245,13.7582,9.3378,14.419,18.5664,19.7096,17.392,10.9102,8.9135,8.5635,9.5956
2026-09-22,19.618,8.686,19.8349,21.1345,13.7814,9.3517,14.4486,18.6461,19.7196,17.435,10.9175,8.912,8.567,9.6047
2026-09-23,19.608,8.6605,19.805,20.995,13.7145,9.3478,14.3911,18.407,19.61,17.29,10.8606,8.8553,8.5257,9.5548
2026-09-24,19.615,8.6388,19.77,21.0,13.6964,9.337,14.3483,18.29,19.59,17.22,10.8158,8.8288,8.5031,9.5347
2026-09-25,19.6,8.6368,19.79,21.005,13.7329,9.3351,14.3398,18.3,19.65,17.165,10.8183,8.8335,8.5025,9.5479
2026-09-28,19.58,8.6273,19.72,21.01,13.7007,9.3314,14.2959,18.16,19.62,17.12,10.7789,8.8024,8.4752,9.5203
2026-09-29,19.55,8.6242,19.72,20.98,13.6923,9.3277,14.2775,18.14,19.59,17.07,10.7755,8.8012,8.4675,9.5133
2026-09-30,19.54,8.619,19.71,20.98,13.7052,9.3209,14.2828,18.11,19.59,17.055,10.7781,8.8028,8.4652,9.5146
2026-10-01,19.55,8.6259,19.76,21.06,13.7193,9.3195,14.2856,18.16,19.64,17.09,10.77,8.805,8.4646,9.5158
2026-10-02,19.52,8.6263,19.75,21.05,13.7191,9.3196,14.2833,18.12,19.64,17.06,10.778,8.8091,8.4692,9.5184
